day,avg_tip_pct,avg_total_bill,n
Fri,0.16991302873347888,17.15157894736842,19
Sun,0.16689728635113463,21.41,76
Thur,0.1612756339666471,17.682741935483868,62
Sat,0.15315171638777816,20.44137931034483,87
