smoker,avg_tip_pct,avg_total_bill,n
Yes,0.16319604463687792,20.756344086021503,93
No,0.15932846217921526,19.188278145695364,151
