sex,avg_tip_pct,avg_total_bill,n
Female,0.16649073632892478,18.05689655172414,87
Male,0.15765054700429743,20.74407643312102,157
