size,avg_tip_pct,avg_total_bill,n
1,0.2172920154872781,7.2425,4
2,0.16571919173482894,16.44801282051282,156
6,0.1562292007202838,34.83,4
3,0.15215685473711832,23.277631578947368,38
4,0.14594900639351333,28.613513513513514,37
5,0.14149548965142023,30.068,5
