time,avg_tip_pct,avg_total_bill,n
Lunch,0.16412792816250496,17.168676470588235,68
Dinner,0.15951778877977738,20.79715909090909,176
