smoker,avg_total_bill,avg_tip,avg_tip_pct,n
No,19.188278145695364,2.9918543046357615,0.15932846217921526,151
Yes,20.756344086021503,3.008709677419355,0.16319604463687792,93
