day,avg_total_bill,avg_tip,avg_tip_pct,n
Fri,17.15157894736842,2.734736842105263,0.16991302873347888,19
Sat,20.44137931034483,2.993103448275862,0.15315171638777816,87
Sun,21.41,3.2551315789473683,0.16689728635113463,76
Thur,17.682741935483868,2.7714516129032254,0.1612756339666471,62
