time,avg_total_bill,avg_tip,avg_tip_pct,n
Dinner,20.79715909090909,3.102670454545455,0.15951778877977738,176
Lunch,17.168676470588235,2.7280882352941176,0.16412792816250496,68
